experiment,split,method,setting,dataset,num_seeds,mIoU_percent,mIoU_seed_std_percent,foreground_mIoU_percent,foreground_mIoU_seed_std_percent,background_IoU_percent,background_IoU_seed_std_percent,foreground_Dice_percent,foreground_Dice_seed_std_percent,AUROC_percent,AUROC_seed_std_percent,absent_FP_area_percent,absent_FP_area_seed_std_percent
exp1_baseline,internal_unused_source,MaskCLIP,original_ngsc,macro_average,1,53.89512816672139,,23.363550896514738,,93.80980819969518,,34.35030236213442,,,,2.5329337376019603,
exp1_baseline,internal_unused_source,MaskCLIP,core_fixed,macro_average,1,54.12962038103784,,24.23552685273081,,93.83829956293889,,35.814000368614984,,,,2.5674962651518847,
exp1_baseline,internal_unused_source,MaskCLIP,source_static,macro_average,1,56.008217066250346,,25.9404083000702,,95.71468161037548,,37.52692334794327,,,,1.8089600903623506,
exp2,internal_unused_source,MaskCLIP,global_beta_grpo,macro_average,3,56.06856556346709,0.010004106426296507,25.91218635008462,0.007103309116818638,95.85322116833909,0.017209553162669013,37.446563338043894,0.01025117484796761,92.83491585839292,0.001054778032334002,1.6883314363307804,0.017290308393205934
exp2,internal_unused_source,MaskCLIP,conditional_beta_grpo,macro_average,3,55.765879688547635,0.14159744089376536,25.663103992395797,0.28666945548009926,95.43325378025655,0.12490718547488455,37.294697753473734,0.32905690247411606,92.84622769760415,0.005153222740934099,2.4629816912100035,0.20073640500849863
exp1_baseline,internal_unused_source,SCLIP,original_ngsc,macro_average,1,52.76714059833498,,23.288639258830596,,91.76120402905077,,31.955155745365175,,,,1.7869980732931008,
exp1_baseline,internal_unused_source,SCLIP,core_fixed,macro_average,1,53.05577208841188,,23.839842509748653,,91.62153238692443,,33.315962092779486,,,,2.9459422112870697,
exp1_baseline,internal_unused_source,SCLIP,source_static,macro_average,1,55.455885891069165,,25.580780883255667,,94.81541663716189,,35.28666586269229,,,,2.0850939994571283,
exp2,internal_unused_source,SCLIP,global_beta_grpo,macro_average,3,55.46151376911308,0.004633594146345032,25.568662724229323,0.010311989572434333,94.85086877386556,0.029827887503169004,35.27655506562905,0.00871558720051324,86.65834508609925,0.0018364898390824996,2.0620045005943983,0.019345298574620005
exp2,internal_unused_source,SCLIP,conditional_beta_grpo,macro_average,3,55.45484692086068,0.006387888553302901,25.604326010401522,0.043608051863646746,94.78655325957726,0.04433846576878204,35.31459319473731,0.057912685802771986,86.65219757691845,0.006805338518412208,2.085124289530329,0.00334593224462983
exp1_baseline,internal_unused_source,ClearCLIP,original_ngsc,macro_average,1,53.182097134285314,,24.599631633048112,,91.49417993983786,,33.66474396210909,,,,1.8708261872474201,
exp1_baseline,internal_unused_source,ClearCLIP,core_fixed,macro_average,1,52.930473704462024,,24.06253035356332,,91.75831663788979,,34.29189686170133,,,,2.6612239893827456,
exp1_baseline,internal_unused_source,ClearCLIP,source_static,macro_average,1,55.4369948331044,,25.643734188381796,,95.31158975797365,,35.86421633684333,,,,1.5497421426669342,
exp2,internal_unused_source,ClearCLIP,global_beta_grpo,macro_average,3,55.64569785609027,0.01968566299541788,25.469211752629413,0.04972431735007491,95.92184612332075,0.0556085129911923,35.78078883055093,0.04855370605038666,93.22848028738281,0.0023528709247927623,1.2168907942862859,0.026772811569525958
exp2,internal_unused_source,ClearCLIP,conditional_beta_grpo,macro_average,3,55.26569215137561,0.10886993920956631,24.951684356476353,0.32534620118596064,95.54276696640355,0.09135875439804288,35.75764473608611,0.3729436927580172,93.2180813384608,0.027258297577713378,1.7218576180640128,0.03579585183418531
exp1_baseline,internal_unused_source,NACLIP,original_ngsc,macro_average,1,46.58580347985336,,14.142773954575544,,89.68627405567295,,20.331138286721483,,,,1.627295052827294,
exp1_baseline,internal_unused_source,NACLIP,core_fixed,macro_average,1,49.686174750241655,,20.456713930044977,,88.9743532111077,,30.133607710887688,,,,2.3955726297635436,
exp1_baseline,internal_unused_source,NACLIP,source_static,macro_average,1,53.08881992283264,,21.187360424748544,,95.06223239898523,,31.27477969252077,,,,1.2134706622231293,
exp2,internal_unused_source,NACLIP,global_beta_grpo,macro_average,3,53.00060354178064,0.013531068101267757,20.99858259452309,0.09767837646237831,95.0765784844672,0.0749924043261862,31.082576944702073,0.14119451227067994,91.97906078654964,0.00017014028313410044,1.213938970912918,0.03319461274318345
exp2,internal_unused_source,NACLIP,conditional_beta_grpo,macro_average,3,51.28163046061942,0.8737317538404362,18.74605611201957,0.7123469815708999,93.77537225848816,1.1309926438570084,28.328205910107805,1.1121576022343118,92.07317482071984,0.10867237473822473,3.259875854633269,1.1408777872206475
exp1_baseline,external_target,MaskCLIP,original_ngsc,macro_average,1,35.29607664157533,,17.679885809496124,,79.78447235361608,,31.036396572698983,,86.0709707895899,,3.744278985476378,
exp1_baseline,external_target,MaskCLIP,core_fixed,macro_average,1,34.53392182917511,,16.539195245893726,,81.74477387902684,,26.60369609496231,,86.08173053572203,,3.9224103096239333,
exp1_baseline,external_target,MaskCLIP,source_static,macro_average,1,30.930177981711303,,11.574176534766012,,81.52602549501691,,18.928717017329177,,85.63348048357612,,1.2444612012270484,
exp2,external_target,MaskCLIP,global_beta_grpo,macro_average,3,30.69425241459421,0.03587265702776404,11.204217671695856,0.05591144164023929,81.48823226957155,0.005444784004584489,18.355242311199326,0.08373546455742528,85.63630174335748,0.001356368212824309,1.1581122340945655,0.009523972181995603
exp2,external_target,MaskCLIP,conditional_beta_grpo,macro_average,3,30.939524231760995,0.23122110036618854,11.844174321544715,0.2444949749458449,81.71164912653502,0.11494353836062107,18.679420109244667,0.5742939590206994,85.65699473978479,0.01713161332587553,1.4120194074182835,0.09654470635198739
exp1_baseline,external_target,SCLIP,original_ngsc,macro_average,1,32.11376689857652,,14.590263352513263,,69.87543265669176,,29.150991478196335,,84.99861057231927,,6.10724145967392,
exp1_baseline,external_target,SCLIP,core_fixed,macro_average,1,34.04442628714629,,15.03824834591354,,82.88036641033104,,22.89469220423393,,85.21084900725097,,3.8225134335352693,
exp1_baseline,external_target,SCLIP,source_static,macro_average,1,29.901702440537488,,9.359183923022977,,82.05820833934084,,15.095462697942407,,84.98282290067202,,1.6535274208345152,
exp2,external_target,SCLIP,global_beta_grpo,macro_average,3,29.851795879259875,0.04158941770902462,9.289864073291607,0.057720847753731694,82.04043924300048,0.015241479243249692,14.977739259964853,0.09735440811793132,84.97304646826102,0.008187628060006929,1.6256969650526192,0.023056384756166493
exp2,external_target,SCLIP,conditional_beta_grpo,macro_average,3,30.120838741998107,0.3218035157091968,9.616404056666433,0.37741488582646066,82.1939055636765,0.1983227036319677,15.534762600061372,0.6492709591580483,84.98497823573175,0.008715308792668157,1.7614023674670558,0.17062783235189202
exp1_baseline,external_target,ClearCLIP,original_ngsc,macro_average,1,34.36970375624577,,17.937200517563195,,73.62276697353784,,29.68652076642272,,89.21431189100979,,5.991610655040666,
exp1_baseline,external_target,ClearCLIP,core_fixed,macro_average,1,34.75058332468085,,16.985054012128305,,82.36741485982569,,27.100913566953626,,89.66559353653783,,4.245094859859011,
exp1_baseline,external_target,ClearCLIP,source_static,macro_average,1,30.7129650483078,,11.041420386450122,,81.87094294104604,,18.79341228116631,,89.36531294150133,,1.7275285521098038,
exp2,external_target,ClearCLIP,global_beta_grpo,macro_average,3,29.861855326764346,0.08525516153393942,9.811695263942791,0.12031233529879201,81.62267349352283,0.029489583392516706,16.818926997972284,0.20430534222954724,89.27954919290762,0.011310295622325658,1.342366528552348,0.036357927104561594
exp2,external_target,ClearCLIP,conditional_beta_grpo,macro_average,3,30.051838488159742,0.30037236102192116,10.126800784528315,0.37831238169591597,81.99539719988219,0.14713976595390696,16.797006292072915,0.6383464342879546,89.36016964835709,0.09428460131884259,1.8894057866449445,0.17017357825594515
exp1_baseline,external_target,NACLIP,original_ngsc,macro_average,1,30.96676142597497,,14.292053350772774,,69.68317578376625,,21.33755963352178,,86.38407640251926,,8.269560322220677,
exp1_baseline,external_target,NACLIP,core_fixed,macro_average,1,35.95546209876977,,18.641190137782253,,81.46083507979807,,29.901944666278713,,88.87756458997616,,4.965764814592352,
exp1_baseline,external_target,NACLIP,source_static,macro_average,1,30.63235003027316,,11.1426237499988,,81.01841868799504,,18.621122186992764,,88.66971300498909,,1.4694491046424991,
exp2,external_target,NACLIP,global_beta_grpo,macro_average,3,30.27880272464052,0.17352783008896866,10.610043238834358,0.2600335055142878,80.94566573362513,0.02881994356998378,17.870899321806945,0.3889490000186119,88.66408857534579,0.0011499060324796282,1.458032583125125,0.03856164120794244
exp2,external_target,NACLIP,conditional_beta_grpo,macro_average,3,28.79132753841066,0.370749776960109,9.058439860104288,0.4124141848785311,80.29410727498374,0.4763337497920865,14.099605163396237,0.5966046669235668,88.65434232179294,0.02328814938201845,1.9698974827105575,0.5347960290220897
